model,test_AP_raw,test_ROC_raw,test_Brier_raw,test_AP_cal,test_ROC_cal,test_Brier_cal
Logistic,0.927,0.9842,0.042838,0.9251,0.9854,0.015289
RandomForest,0.9976,0.9997,0.008159,0.9976,0.9997,0.005228
XGBoost,0.9976,0.9997,0.006865,0.9976,0.9997,0.004942
