feature,psi
7,0.15215068810223237
3,0.11360210317556681
0,0.0925907972509599
1,0.07292609274051715
4,0.05323823625073604
5,0.03100850656685831
2,0.0025615734080546215
8,8.245714775651334e-05
6,1.4062499855438318e-17
